{
  "au_loss_weights": {
    "AU1": 1.3134345204613311,
    "AU10": 0.6433653968620744,
    "AU12": 0.7439726497985524,
    "AU14": 0.5,
    "AU15": 0.7235495400127181,
    "AU17": 0.6911151103825476,
    "AU18": 0.5108802728422507,
    "AU2": 1.0056638980259942,
    "AU20": 0.57597392865277,
    "AU23": 0.6428596418727065,
    "AU25": 0.7701831368014558,
    "AU26": 0.6885992454016676,
    "AU4": 2.0,
    "AU5": 1.1529676730367613,
    "AU6": 0.5952143519042552,
    "AU7": 1.197063158810293,
    "AU9": 0.9678358868083075
  },
  "au_activation_rates": {
    "AU1": 5.57015854993526,
    "AU10": 36.04611663756408,
    "AU12": 22.90950008317793,
    "AU14": 88.65493722101947,
    "AU15": 24.903065717546355,
    "AU17": 28.671840372823272,
    "AU18": 81.59964541771026,
    "AU2": 10.170828859368802,
    "AU20": 52.51313687830312,
    "AU23": 36.13909560576219,
    "AU25": 20.695280263098198,
    "AU26": 29.00039320477011,
    "AU4": 2.5357345193071685,
    "AU5": 7.38436813273104,
    "AU6": 46.8230392402074,
    "AU7": 6.793484899424501,
    "AU9": 11.18173156678141
  },
  "description": "AU loss weights for training (higher weight for rare AUs)"
}