{
  "train_statistics": {
    "AU1": {
      "mean": 0.2965371940302673,
      "median": 0.26199,
      "std": 0.1575391580172272,
      "min": 0.02712,
      "max": 0.95572,
      "p25": 0.18028,
      "p75": 0.38259,
      "n_frames": 3438412,
      "active_frames": 414437
    },
    "AU10": {
      "mean": 0.36397411251182227,
      "median": 0.27942,
      "std": 0.2664037121765508,
      "min": 0.03122,
      "max": 0.98584,
      "p25": 0.14415,
      "p75": 0.52932,
      "n_frames": 3438412,
      "active_frames": 940209
    },
    "AU12": {
      "mean": 0.3291896033023385,
      "median": 0.22305,
      "std": 0.2795691886582025,
      "min": 0.01559,
      "max": 0.99438,
      "p25": 0.11236,
      "p75": 0.46041,
      "n_frames": 3438412,
      "active_frames": 787715
    },
    "AU14": {
      "mean": 0.5736698743518812,
      "median": 0.57266,
      "std": 0.10300656788454872,
      "min": 0.17436,
      "max": 0.93597,
      "p25": 0.49963,
      "p75": 0.64854,
      "n_frames": 3438412,
      "active_frames": 2574658
    },
    "AU15": {
      "mean": 0.10735702064208706,
      "median": 0.08086,
      "std": 0.08674606386580526,
      "min": 0.00885,
      "max": 0.89598,
      "p25": 0.05254,
      "p75": 0.1297,
      "n_frames": 3438412,
      "active_frames": 19521
    },
    "AU17": {
      "mean": 0.35252721601134446,
      "median": 0.31962,
      "std": 0.17387396984996975,
      "min": 0.04831,
      "max": 0.96496,
      "p25": 0.21962,
      "p75": 0.44468,
      "n_frames": 3438412,
      "active_frames": 632280
    },
    "AU18": {
      "mean": 0.4153307828991988,
      "median": 0.43228,
      "std": 0.1985365177401529,
      "min": 0.00723,
      "max": 0.91252,
      "p25": 0.25507,
      "p75": 0.57854,
      "n_frames": 3438412,
      "active_frames": 1335796
    },
    "AU2": {
      "mean": 0.21450807540515804,
      "median": 0.17951,
      "std": 0.13656337626892412,
      "min": 0.01757,
      "max": 0.90662,
      "p25": 0.11643,
      "p75": 0.27138,
      "n_frames": 3438412,
      "active_frames": 173063
    },
    "AU20": {
      "mean": 0.31971890206583736,
      "median": 0.30453,
      "std": 0.17208437796228057,
      "min": 0.01542,
      "max": 0.94028,
      "p25": 0.17057,
      "p75": 0.45714,
      "n_frames": 3438412,
      "active_frames": 610267
    },
    "AU23": {
      "mean": 0.1903380166861913,
      "median": 0.15297,
      "std": 0.1282802588154913,
      "min": 0.0097,
      "max": 0.82679,
      "p25": 0.09392,
      "p75": 0.25364,
      "n_frames": 3438412,
      "active_frames": 113124
    },
    "AU25": {
      "mean": 0.5495116591060061,
      "median": 0.52775,
      "std": 0.29481948052670054,
      "min": 0.0476,
      "max": 0.99593,
      "p25": 0.28178,
      "p75": 0.8404,
      "n_frames": 3438412,
      "active_frames": 1802600
    },
    "AU26": {
      "mean": 0.2557272042704598,
      "median": 0.2119,
      "std": 0.15746366694768038,
      "min": 0.02514,
      "max": 0.94095,
      "p25": 0.14216,
      "p75": 0.32476,
      "n_frames": 3438412,
      "active_frames": 310127
    },
    "AU4": {
      "mean": 0.19740462307600137,
      "median": 0.16611,
      "std": 0.11007937214080796,
      "min": 0.02782,
      "max": 0.98764,
      "p25": 0.12643,
      "p75": 0.23464,
      "n_frames": 3438412,
      "active_frames": 87187
    },
    "AU5": {
      "mean": 0.1722870497950798,
      "median": 0.12269,
      "std": 0.13727642519300473,
      "min": 0.00777,
      "max": 0.95332,
      "p25": 0.06371,
      "p75": 0.25122,
      "n_frames": 3438412,
      "active_frames": 84693
    },
    "AU6": {
      "mean": 0.32053670113122007,
      "median": 0.23189,
      "std": 0.24415812959937602,
      "min": 0.02873,
      "max": 0.9869,
      "p25": 0.13253,
      "p75": 0.4374,
      "n_frames": 3438412,
      "active_frames": 716713
    },
    "AU7": {
      "mean": 0.3984038007865256,
      "median": 0.35205,
      "std": 0.245398061169606,
      "min": 0.02004,
      "max": 0.98566,
      "p25": 0.20259,
      "p75": 0.55545,
      "n_frames": 3438412,
      "active_frames": 1031355
    },
    "AU9": {
      "mean": 0.13841928095004338,
      "median": 0.11135,
      "std": 0.09903517689738518,
      "min": 0.00797,
      "max": 0.95465,
      "p25": 0.06805,
      "p75": 0.17895,
      "n_frames": 3438412,
      "active_frames": 27842
    }
  },
  "val_statistics": {
    "AU1": {
      "mean": 0.2895163098072942,
      "median": 0.2575,
      "std": 0.15695724058007485,
      "min": 0.02462,
      "max": 0.94733,
      "p25": 0.17329,
      "p75": 0.37977,
      "n_frames": 1016264,
      "active_frames": 115933
    },
    "AU10": {
      "mean": 0.37689396040792555,
      "median": 0.29849,
      "std": 0.2662472874828881,
      "min": 0.02648,
      "max": 0.98368,
      "p25": 0.15443,
      "p75": 0.5501,
      "n_frames": 1016264,
      "active_frames": 294133
    },
    "AU12": {
      "mean": 0.3164175452047893,
      "median": 0.2058,
      "std": 0.27828357331909226,
      "min": 0.01785,
      "max": 0.9941,
      "p25": 0.10413,
      "p75": 0.4419525,
      "n_frames": 1016264,
      "active_frames": 221590
    },
    "AU14": {
      "mean": 0.5748924241929264,
      "median": 0.57594,
      "std": 0.10197390176994979,
      "min": 0.17038,
      "max": 0.91487,
      "p25": 0.50418,
      "p75": 0.64624,
      "n_frames": 1016264,
      "active_frames": 775125
    },
    "AU15": {
      "mean": 0.11568437542803836,
      "median": 0.09336,
      "std": 0.08193052574923193,
      "min": 0.01131,
      "max": 0.91442,
      "p25": 0.0594,
      "p75": 0.1463,
      "n_frames": 1016264,
      "active_frames": 3242
    },
    "AU17": {
      "mean": 0.3719927154558264,
      "median": 0.33682,
      "std": 0.1808959430919043,
      "min": 0.05,
      "max": 0.95764,
      "p25": 0.23883,
      "p75": 0.4624825,
      "n_frames": 1016264,
      "active_frames": 214000
    },
    "AU18": {
      "mean": 0.4228839197590388,
      "median": 0.44434,
      "std": 0.211869737400999,
      "min": 0.01112,
      "max": 0.90351,
      "p25": 0.23162,
      "p75": 0.60695,
      "n_frames": 1016264,
      "active_frames": 429669
    },
    "AU2": {
      "mean": 0.20440020624562127,
      "median": 0.17488,
      "std": 0.12480584101348445,
      "min": 0.02205,
      "max": 0.89995,
      "p25": 0.11945,
      "p75": 0.25576,
      "n_frames": 1016264,
      "active_frames": 33921
    },
    "AU20": {
      "mean": 0.33674324000456574,
      "median": 0.33561,
      "std": 0.18150555842781435,
      "min": 0.01386,
      "max": 0.92568,
      "p25": 0.17926,
      "p75": 0.48533,
      "n_frames": 1016264,
      "active_frames": 227491
    },
    "AU23": {
      "mean": 0.21446474480056354,
      "median": 0.17627,
      "std": 0.14014984616114382,
      "min": 0.01273,
      "max": 0.81204,
      "p25": 0.10329,
      "p75": 0.30062,
      "n_frames": 1016264,
      "active_frames": 42364
    },
    "AU25": {
      "mean": 0.5597664977112249,
      "median": 0.54201,
      "std": 0.28598358431096055,
      "min": 0.04696,
      "max": 0.99558,
      "p25": 0.30574,
      "p75": 0.83365,
      "n_frames": 1016264,
      "active_frames": 548045
    },
    "AU26": {
      "mean": 0.2636832208756779,
      "median": 0.22363,
      "std": 0.1563248303061259,
      "min": 0.02261,
      "max": 0.93582,
      "p25": 0.14747,
      "p75": 0.33942,
      "n_frames": 1016264,
      "active_frames": 97831
    },
    "AU4": {
      "mean": 0.2006843421591241,
      "median": 0.17028,
      "std": 0.10885042972724922,
      "min": 0.02646,
      "max": 0.98466,
      "p25": 0.12847,
      "p75": 0.23627,
      "n_frames": 1016264,
      "active_frames": 25830
    },
    "AU5": {
      "mean": 0.160228081039966,
      "median": 0.1139,
      "std": 0.12667537112300173,
      "min": 0.00898,
      "max": 0.93741,
      "p25": 0.06183,
      "p75": 0.22781,